plant_id,norsk_navn,engelsk_navn,latinsk_navn,kategori,familie_type,lufttemp_optimal_min_c,lufttemp_optimal_max_c,lufttemp_akseptabel_min_c,lufttemp_akseptabel_max_c,luftfukt_optimal_min_pct,luftfukt_optimal_max_pct,luftfukt_akseptabel_min_pct,luftfukt_akseptabel_max_pct,jordtemp_optimal_min_c,jordtemp_optimal_max_c,jordtemp_akseptabel_min_c,jordtemp_akseptabel_max_c,jordfukt_optimal_min_pct,jordfukt_optimal_max_pct,jordfukt_akseptabel_min_pct,jordfukt_akseptabel_max_pct,ph_optimal_min,ph_optimal_max,ph_akseptabel_min,ph_akseptabel_max,lys_optimal_min_lux,lys_optimal_max_lux,lys_akseptabel_min_lux,lys_akseptabel_max_lux,spiretemp_optimal_min_c,spiretemp_optimal_max_c,vanning_kort,klima_notat,kildegrunnlag,undervanning_tegn,overvanning_tegn,undervanning_tiltak,overvanning_tiltak,vanningsstrategi
tomato,tomat,tomato,Solanum lycopersicum,grønnsak,varmeelskende fruktgrønnsak,21,26,18,32,60,75,50,85,18,22,15,26,60,80,50,90,5.8,6.8,5.5,7.5,25000,60000,15000,70000,20,28,"Jevnt fuktig jord, ikke la tørke helt ut.",Varm og lyselskende drivhusplante som ikke tåler kulde eller langvarig hete.,Basert på drivhustabeller for tomat/agurk/paprika og grønnsaksguider; praktisk intervall for varm fruktgrønnsak.,"Blader og blomster henger, veksten stopper opp, frukter blir små eller faller av.","Gule blader, myke stengler, råte ved rothals, jord lukter surt og er konstant våt.","Vann grundig til hele rotsonen er gjennomvåt, gjenta først når topplaget har tørket lett.","Stopp vanning, luft jorda, forbedre drenering og fjern vann som blir stående.","Jevn fukt, dyp vanning med pauser så jorda får tørke lett mellom hver gang."
cucumber,agurk,cucumber,Cucumis sativus,grønnsak,varmeelskende fruktgrønnsak,21,26,18,32,60,75,50,85,18,22,15,26,60,80,50,90,5.8,6.8,5.5,7.5,25000,60000,15000,70000,20,28,"Jevnt fuktig jord, ikke la tørke helt ut.",Varm og lyselskende drivhusplante som ikke tåler kulde eller langvarig hete.,Basert på drivhustabeller for tomat/agurk/paprika og grønnsaksguider; praktisk intervall for varm fruktgrønnsak.,"Blader og blomster henger, veksten stopper opp, frukter blir små eller faller av.","Gule blader, myke stengler, råte ved rothals, jord lukter surt og er konstant våt.","Vann grundig til hele rotsonen er gjennomvåt, gjenta først når topplaget har tørket lett.","Stopp vanning, luft jorda, forbedre drenering og fjern vann som blir stående.","Jevn fukt, dyp vanning med pauser så jorda får tørke lett mellom hver gang."
pepper,paprika,sweet pepper,Capsicum annuum,grønnsak,varmeelskende fruktgrønnsak,21,26,18,32,60,75,50,85,18,22,15,26,60,80,50,90,5.8,6.8,5.5,7.5,25000,60000,15000,70000,20,28,"Jevnt fuktig jord, ikke la tørke helt ut.",Varm og lyselskende drivhusplante som ikke tåler kulde eller langvarig hete.,Basert på drivhustabeller for tomat/agurk/paprika og grønnsaksguider; praktisk intervall for varm fruktgrønnsak.,"Blader og blomster henger, veksten stopper opp, frukter blir små eller faller av.","Gule blader, myke stengler, råte ved rothals, jord lukter surt og er konstant våt.","Vann grundig til hele rotsonen er gjennomvåt, gjenta først når topplaget har tørket lett.","Stopp vanning, luft jorda, forbedre drenering og fjern vann som blir stående.","Jevn fukt, dyp vanning med pauser så jorda får tørke lett mellom hver gang."
chili,chili,chili pepper,Capsicum annuum,grønnsak,varmeelskende chili,21,26,18,32,60,75,50,85,18,22,15,26,60,80,50,90,5.8,6.8,5.5,7.5,25000,60000,15000,70000,20,28,"Jevnt fuktig jord, ikke la tørke helt ut.",Varm og lyselskende drivhusplante som ikke tåler kulde eller langvarig hete.,Basert på drivhustabeller for tomat/agurk/paprika og grønnsaksguider; praktisk intervall for varm fruktgrønnsak.,"Blader og blomster henger, veksten stopper opp, frukter blir små eller faller av.","Gule blader, myke stengler, råte ved rothals, jord lukter surt og er konstant våt.","Vann grundig til hele rotsonen er gjennomvåt, gjenta først når topplaget har tørket lett.","Stopp vanning, luft jorda, forbedre drenering og fjern vann som blir stående.","Jevn fukt, dyp vanning med pauser så jorda får tørke lett mellom hver gang."
basil,basilikum,basil,Ocimum basilicum,urt,varmeelskende urt,16,22,10,26,55,75,45,85,14,20,8,24,50,75,40,85,6.0,7.0,5.5,7.5,12000,30000,8000,35000,14,22,"Jevnt lett fuktig jord, ikke la potten tørke helt ut.","Urt som liker moderat varme, god lysmengde og jevnt fuktig jord.",Basert på urteguider for basilikum/persille/mynte; praktisk intervall.,"Blader henger og blir matte, stilker blir slappe, jord tørr.","Gulning og bladfall nedenfra, mørk rothals og mugglukt.","Vann når topplaget er tørt og planten mister spenst, gjennomvann potten.","La jorda tørke lett opp, forbedre drenering og klipp bort råtne deler.","Jevn fukt, men la øverste lag tørke lett mellom vanning."
parsley,persille,parsley,Petroselinum crispum,urt,bladurt,16,22,10,26,55,75,45,85,14,20,8,24,50,75,40,85,6.0,7.0,5.5,7.5,12000,30000,8000,35000,14,22,"Jevnt lett fuktig jord, ikke la potten tørke helt ut.","Urt som liker moderat varme, god lysmengde og jevnt fuktig jord.",Basert på urteguider for basilikum/persille/mynte; praktisk intervall.,"Blader henger og blir matte, stilker blir slappe, jord tørr.","Gulning og bladfall nedenfra, mørk rothals og mugglukt.","Vann når topplaget er tørt og planten mister spenst, gjennomvann potten.","La jorda tørke lett opp, forbedre drenering og klipp bort råtne deler.","Jevn fukt, men la øverste lag tørke lett mellom vanning."
coriander,koriander,coriander,Coriandrum sativum,urt,bladurt kortlivd,16,22,10,26,55,75,45,85,14,20,8,24,50,75,40,85,6.0,7.0,5.5,7.5,12000,30000,8000,35000,14,22,"Jevnt lett fuktig jord, ikke la potten tørke helt ut.","Urt som liker moderat varme, god lysmengde og jevnt fuktig jord.",Basert på urteguider for basilikum/persille/mynte; praktisk intervall.,"Blader henger og blir matte, stilker blir slappe, jord tørr.","Gulning og bladfall nedenfra, mørk rothals og mugglukt.","Vann når topplaget er tørt og planten mister spenst, gjennomvann potten.","La jorda tørke lett opp, forbedre drenering og klipp bort råtne deler.","Jevn fukt, men la øverste lag tørke lett mellom vanning."
dill,dill,dill,Anethum graveolens,urt,ettårig urt,16,22,10,26,55,75,45,85,14,20,8,24,50,75,40,85,6.0,7.0,5.5,7.5,12000,30000,8000,35000,14,22,"Jevnt lett fuktig jord, ikke la potten tørke helt ut.","Urt som liker moderat varme, god lysmengde og jevnt fuktig jord.",Basert på urteguider for basilikum/persille/mynte; praktisk intervall.,"Blader henger og blir matte, stilker blir slappe, jord tørr.","Gulning og bladfall nedenfra, mørk rothals og mugglukt.","Vann når topplaget er tørt og planten mister spenst, gjennomvann potten.","La jorda tørke lett opp, forbedre drenering og klipp bort råtne deler.","Jevn fukt, men la øverste lag tørke lett mellom vanning."
lettuce,salat,lettuce,Lactuca sativa,grønnsak,kjølig bladgrønt,14,20,6,24,60,75,50,90,8,16,4,20,55,75,45,85,6.0,7.0,5.5,7.5,12000,30000,8000,35000,8,18,"Jevnt lett fuktig jord, ikke la den tørke helt ut.",Kjølig til middels varm bladgrønnsak som liker jevn fukt og stabilt klima.,Basert på salat/spinat/kål-tabeller for kjølige bladgrønnsaker; praktisk intervall.,"Bladene blir slappe og kantene tørre, planten vokser sakte.","Gulning ved basis, bladsopp og løs rot i våt jord.","Vann oftere med moderate mengder, hold jorda jevnt fuktig.","Reduser vanning, forbedre drenering og luft rundt plantene.","Jevn lett fukt, la topplaget tørke svakt mellom vanning."
spinach,spinat,spinach,Spinacia oleracea,grønnsak,kjølig bladgrønt,14,20,6,24,60,75,50,90,8,16,4,20,55,75,45,85,6.0,7.0,5.5,7.5,12000,30000,8000,35000,8,18,"Jevnt lett fuktig jord, ikke la den tørke helt ut.",Kjølig til middels varm bladgrønnsak som liker jevn fukt og stabilt klima.,Basert på salat/spinat/kål-tabeller for kjølige bladgrønnsaker; praktisk intervall.,"Bladene blir slappe og kantene tørre, planten vokser sakte.","Gulning ved basis, bladsopp og løs rot i våt jord.","Vann oftere med moderate mengder, hold jorda jevnt fuktig.","Reduser vanning, forbedre drenering og luft rundt plantene.","Jevn lett fukt, la topplaget tørke svakt mellom vanning."
kale,grønnkål,kale,Brassica oleracea var. sabellica,grønnsak,kålvekst kjølig,14,20,6,24,60,75,50,90,8,16,4,20,55,75,45,85,6.0,7.0,5.5,7.5,12000,30000,8000,35000,8,18,"Jevnt lett fuktig jord, ikke la den tørke helt ut.",Kjølig til middels varm bladgrønnsak som liker jevn fukt og stabilt klima.,Basert på salat/spinat/kål-tabeller for kjølige bladgrønnsaker; praktisk intervall.,"Bladene blir slappe og kantene tørre, planten vokser sakte.","Gulning ved basis, bladsopp og løs rot i våt jord.","Vann oftere med moderate mengder, hold jorda jevnt fuktig.","Reduser vanning, forbedre drenering og luft rundt plantene.","Jevn lett fukt, la topplaget tørke svakt mellom vanning."
arugula,ruccola,arugula,Eruca sativa,grønnsak,kjølig bladgrønt,14,20,6,24,60,75,50,90,8,16,4,20,55,75,45,85,6.0,7.0,5.5,7.5,12000,30000,8000,35000,8,18,"Jevnt lett fuktig jord, ikke la den tørke helt ut.",Kjølig til middels varm bladgrønnsak som liker jevn fukt og stabilt klima.,Basert på salat/spinat/kål-tabeller for kjølige bladgrønnsaker; praktisk intervall.,"Bladene blir slappe og kantene tørre, planten vokser sakte.","Gulning ved basis, bladsopp og løs rot i våt jord.","Vann oftere med moderate mengder, hold jorda jevnt fuktig.","Reduser vanning, forbedre drenering og luft rundt plantene.","Jevn lett fukt, la topplaget tørke svakt mellom vanning."
radish,reddik,radish,Raphanus sativus,grønnsak,kjølig rotgrønnsak,12,20,6,24,60,75,50,90,8,18,4,22,50,70,40,80,6.0,7.0,5.5,7.5,12000,30000,8000,35000,8,18,"Moderat jevn fukt, ikke vannmettet jord.","Kjølig til middels varm rotvekst som liker dyp, løs jord og jevn fukt.",Basert på gulrot/reddik/rotvekst-tabeller; praktisk intervall for rotgrønnsaker.,"Små, trevlete røtter og slappe blad; jord tørr dypere ned.","Råte på røtter, vond lukt og kompakt, våt jord.",Vann dypere og sjeldnere slik at hele rotsonen fuktes.,"Reduser vanning, løsne jorda og forbedre drenering.","Moderat jevn fukt, la overflaten tørke lett mellom vanning."
carrot,gulrot,carrot,Daucus carota,grønnsak,rotgrønnsak,12,20,6,24,60,75,50,90,8,18,4,22,50,70,40,80,6.0,7.0,5.5,7.5,12000,30000,8000,35000,8,18,"Moderat jevn fukt, ikke vannmettet jord.","Kjølig til middels varm rotvekst som liker dyp, løs jord og jevn fukt.",Basert på gulrot/reddik/rotvekst-tabeller; praktisk intervall for rotgrønnsaker.,"Små, trevlete røtter og slappe blad; jord tørr dypere ned.","Råte på røtter, vond lukt og kompakt, våt jord.",Vann dypere og sjeldnere slik at hele rotsonen fuktes.,"Reduser vanning, løsne jorda og forbedre drenering.","Moderat jevn fukt, la overflaten tørke lett mellom vanning."
strawberry,jordbær,strawberry,Fragaria × ananassa,bær,bær flerårig,16,22,8,26,60,75,50,85,12,18,8,22,55,75,45,85,5.3,6.5,5.0,6.8,20000,45000,15000,50000,12,22,"Jevnt fuktig jord, ikke la potter tørke helt ut.","Bærvekst som liker kjølig til moderat varme, mye lys og jevn jordfukt.",Basert på jordbær og andre bær i kontrollerte miljø; praktisk intervall.,"Blad og bær blir små og tørre, planten henger i varme perioder.","Gråmugg og råte på bær og rothals, jord konstant våt.","Vann jevnt i små pulser, særlig under blomstring og bærutvikling.","Reduser vanning, forbedre drenering, øk lufting og fjern sykt materiale.","Jevn fukt, la topplaget tørke lett mellom vanning."
squash,squash,summer squash,Cucurbita pepo,grønnsak,varmeelskende fruktgrønnsak,21,26,18,32,60,75,50,85,18,22,15,26,60,80,50,90,5.8,6.8,5.5,7.5,25000,60000,15000,70000,20,28,"Jevnt fuktig jord, ikke la tørke helt ut.",Varm og lyselskende drivhusplante som ikke tåler kulde eller langvarig hete.,Basert på drivhustabeller for tomat/agurk/paprika og grønnsaksguider; praktisk intervall for varm fruktgrønnsak.,"Blader og blomster henger, veksten stopper opp, frukter blir små eller faller av.","Gule blader, myke stengler, råte ved rothals, jord lukter surt og er konstant våt.","Vann grundig til hele rotsonen er gjennomvåt, gjenta først når topplaget har tørket lett.","Stopp vanning, luft jorda, forbedre drenering og fjern vann som blir stående.","Jevn fukt, dyp vanning med pauser så jorda får tørke lett mellom hver gang."
eggplant,aubergine,eggplant,Solanum melongena,grønnsak,varmeelskende fruktgrønnsak,21,26,18,32,60,75,50,85,18,22,15,26,60,80,50,90,5.8,6.8,5.5,7.5,25000,60000,15000,70000,20,28,"Jevnt fuktig jord, ikke la tørke helt ut.",Varm og lyselskende drivhusplante som ikke tåler kulde eller langvarig hete.,Basert på drivhustabeller for tomat/agurk/paprika og grønnsaksguider; praktisk intervall for varm fruktgrønnsak.,"Blader og blomster henger, veksten stopper opp, frukter blir små eller faller av.","Gule blader, myke stengler, råte ved rothals, jord lukter surt og er konstant våt.","Vann grundig til hele rotsonen er gjennomvåt, gjenta først når topplaget har tørket lett.","Stopp vanning, luft jorda, forbedre drenering og fjern vann som blir stående.","Jevn fukt, dyp vanning med pauser så jorda får tørke lett mellom hver gang."
melon,melon,melon,Cucumis melo,grønnsak,varmeelskende fruktgrønnsak,21,26,18,32,60,75,50,85,18,22,15,26,60,80,50,90,5.8,6.8,5.5,7.5,25000,60000,15000,70000,20,28,"Jevnt fuktig jord, ikke la tørke helt ut.",Varm og lyselskende drivhusplante som ikke tåler kulde eller langvarig hete.,Basert på drivhustabeller for tomat/agurk/paprika og grønnsaksguider; praktisk intervall for varm fruktgrønnsak.,"Blader og blomster henger, veksten stopper opp, frukter blir små eller faller av.","Gule blader, myke stengler, råte ved rothals, jord lukter surt og er konstant våt.","Vann grundig til hele rotsonen er gjennomvåt, gjenta først når topplaget har tørket lett.","Stopp vanning, luft jorda, forbedre drenering og fjern vann som blir stående.","Jevn fukt, dyp vanning med pauser så jorda får tørke lett mellom hver gang."
thyme,timian,thyme,Thymus vulgaris,urt,middelhavsurt,18,26,10,30,40,60,30,70,16,22,10,26,30,50,20,60,6.5,7.5,6.0,8.0,20000,50000,12000,60000,16,22,"Sparsom vanning, la jorden tørke godt opp mellom hver gang.","Middelhavsurt som liker varm, solrik og tørr plassering med veldrenert jord.",Basert på guider for timian/rosmarin/lavendel; praktisk intervall for tørre urter.,"Blader og skudd blir grågrønne og tørre, liten nyvekst.","Gule, slappe skudd, råte ved rothals og våt, kompakt jord.","Vann godt, men sjelden, når jorden er tørr flere cm ned.","Stopp vanning, øk drenering og lufting, eventuelt ompotting.",Tørr til lett fuktig jord med tydelig tørkeperiode mellom vanning.
oregano,oregano,oregano,Origanum vulgare,urt,middelhavsurt,18,26,10,30,40,60,30,70,16,22,10,26,30,50,20,60,6.5,7.5,6.0,8.0,20000,50000,12000,60000,16,22,"Sparsom vanning, la jorden tørke godt opp mellom hver gang.","Middelhavsurt som liker varm, solrik og tørr plassering med veldrenert jord.",Basert på guider for timian/rosmarin/lavendel; praktisk intervall for tørre urter.,"Blader og skudd blir grågrønne og tørre, liten nyvekst.","Gule, slappe skudd, råte ved rothals og våt, kompakt jord.","Vann godt, men sjelden, når jorden er tørr flere cm ned.","Stopp vanning, øk drenering og lufting, eventuelt ompotting.",Tørr til lett fuktig jord med tydelig tørkeperiode mellom vanning.
rosemary,rosmarin,rosemary,Salvia rosmarinus,urt,middelhavsurt,18,26,10,30,40,60,30,70,16,22,10,26,30,50,20,60,6.5,7.5,6.0,8.0,20000,50000,12000,60000,16,22,"Sparsom vanning, la jorden tørke godt opp mellom hver gang.","Middelhavsurt som liker varm, solrik og tørr plassering med veldrenert jord.",Basert på guider for timian/rosmarin/lavendel; praktisk intervall for tørre urter.,"Blader og skudd blir grågrønne og tørre, liten nyvekst.","Gule, slappe skudd, råte ved rothals og våt, kompakt jord.","Vann godt, men sjelden, når jorden er tørr flere cm ned.","Stopp vanning, øk drenering og lufting, eventuelt ompotting.",Tørr til lett fuktig jord med tydelig tørkeperiode mellom vanning.
mint,mynte,mint,Mentha spp.,urt,flerårig urt,16,22,10,26,55,75,45,85,14,20,8,24,50,75,40,85,6.0,7.0,5.5,7.5,12000,30000,8000,35000,14,22,"Jevnt lett fuktig jord, ikke la potten tørke helt ut.","Urt som liker moderat varme, god lysmengde og jevnt fuktig jord.",Basert på urteguider for basilikum/persille/mynte; praktisk intervall.,"Blader henger og blir matte, stilker blir slappe, jord tørr.","Gulning og bladfall nedenfra, mørk rothals og mugglukt.","Vann når topplaget er tørt og planten mister spenst, gjennomvann potten.","La jorda tørke lett opp, forbedre drenering og klipp bort råtne deler.","Jevn fukt, men la øverste lag tørke lett mellom vanning."
chives,gressløk,chives,Allium schoenoprasum,urt,flerårig urt,14,22,4,26,60,75,50,85,8,18,4,22,50,70,40,80,6.0,7.0,5.5,7.8,15000,30000,8000,35000,6,18,"Moderat fukt, la jorden tørke lett mellom vanning.",Kjølig til mild løkvekst som liker veldrenert jord og moderat fukt.,Basert på løk/purre/hvitløk-tabeller; praktisk intervall for allium.,Tynne eller tørre blad og liten løk-/skaftdannelse.,"Myk rothals, råte og sterk lukt fra løk i våt jord.","Vann dypere men ikke for ofte, unngå kun overflatevanning.","Stopp vanning, forbedre drenering og lufting rundt plantene.","Moderat fukt, tydelig tørk mellom vanning, spesielt mot innhøsting."
spring_onion,vårløk,spring onion,Allium fistulosum,grønnsak,løkvekst,14,22,4,26,60,75,50,85,8,18,4,22,50,70,40,80,6.0,7.0,5.5,7.8,15000,30000,8000,35000,6,18,"Moderat fukt, la jorden tørke lett mellom vanning.",Kjølig til mild løkvekst som liker veldrenert jord og moderat fukt.,Basert på løk/purre/hvitløk-tabeller; praktisk intervall for allium.,Tynne eller tørre blad og liten løk-/skaftdannelse.,"Myk rothals, råte og sterk lukt fra løk i våt jord.","Vann dypere men ikke for ofte, unngå kun overflatevanning.","Stopp vanning, forbedre drenering og lufting rundt plantene.","Moderat fukt, tydelig tørk mellom vanning, spesielt mot innhøsting."
pea_sugar,sukkererter,sugar snap pea,Pisum sativum,grønnsak,belgvekst kjølig,14,22,6,26,60,75,50,85,10,18,5,22,55,75,45,85,6.0,7.5,5.8,7.8,15000,30000,8000,35000,8,20,"Moderat jevn fukt, spesielt i blomstring og belging.",Belgvekst som trives i kjølig til moderat temperatur og jevnt fuktig jord.,Basert på erter/bønner-tabeller; praktisk intervall for belgvekster.,"Blomster og belger tørker inn og faller av, bladene henger.","Gulning, rotråte og svært våt, kompakt jord.","Vann jevnt i rotsonen, øk frekvensen i varme perioder.","Reduser vanning, løsne jord og forbedre drenering.","Moderat jevn fukt, la topplaget tørke lett mellom vanning."
bean,bønner,beans,Phaseolus vulgaris,grønnsak,belgvekst varm,14,22,6,26,60,75,50,85,10,18,5,22,55,75,45,85,6.0,7.5,5.8,7.8,15000,30000,8000,35000,8,20,"Moderat jevn fukt, spesielt i blomstring og belging.",Belgvekst som trives i kjølig til moderat temperatur og jevnt fuktig jord.,Basert på erter/bønner-tabeller; praktisk intervall for belgvekster.,"Blomster og belger tørker inn og faller av, bladene henger.","Gulning, rotråte og svært våt, kompakt jord.","Vann jevnt i rotsonen, øk frekvensen i varme perioder.","Reduser vanning, løsne jord og forbedre drenering.","Moderat jevn fukt, la topplaget tørke lett mellom vanning."
broccoli,brokkoli,broccoli,Brassica oleracea var. italica,grønnsak,kålvekst kjølig,14,20,6,24,60,75,50,90,8,16,4,20,55,75,45,85,6.0,7.0,5.5,7.5,12000,30000,8000,35000,8,18,"Jevnt lett fuktig jord, ikke la den tørke helt ut.",Kjølig til middels varm bladgrønnsak som liker jevn fukt og stabilt klima.,Basert på salat/spinat/kål-tabeller for kjølige bladgrønnsaker; praktisk intervall.,"Bladene blir slappe og kantene tørre, planten vokser sakte.","Gulning ved basis, bladsopp og løs rot i våt jord.","Vann oftere med moderate mengder, hold jorda jevnt fuktig.","Reduser vanning, forbedre drenering og luft rundt plantene.","Jevn lett fukt, la topplaget tørke svakt mellom vanning."
cauliflower,blomkål,cauliflower,Brassica oleracea var. botrytis,grønnsak,kålvekst kjølig,14,20,6,24,60,75,50,90,8,16,4,20,55,75,45,85,6.0,7.0,5.5,7.5,12000,30000,8000,35000,8,18,"Jevnt lett fuktig jord, ikke la den tørke helt ut.",Kjølig til middels varm bladgrønnsak som liker jevn fukt og stabilt klima.,Basert på salat/spinat/kål-tabeller for kjølige bladgrønnsaker; praktisk intervall.,"Bladene blir slappe og kantene tørre, planten vokser sakte.","Gulning ved basis, bladsopp og løs rot i våt jord.","Vann oftere med moderate mengder, hold jorda jevnt fuktig.","Reduser vanning, forbedre drenering og luft rundt plantene.","Jevn lett fukt, la topplaget tørke svakt mellom vanning."
cabbage,kål,cabbage,Brassica oleracea,grønnsak,kålvekst kjølig,14,20,6,24,60,75,50,90,8,16,4,20,55,75,45,85,6.0,7.0,5.5,7.5,12000,30000,8000,35000,8,18,"Jevnt lett fuktig jord, ikke la den tørke helt ut.",Kjølig til middels varm bladgrønnsak som liker jevn fukt og stabilt klima.,Basert på salat/spinat/kål-tabeller for kjølige bladgrønnsaker; praktisk intervall.,"Bladene blir slappe og kantene tørre, planten vokser sakte.","Gulning ved basis, bladsopp og løs rot i våt jord.","Vann oftere med moderate mengder, hold jorda jevnt fuktig.","Reduser vanning, forbedre drenering og luft rundt plantene.","Jevn lett fukt, la topplaget tørke svakt mellom vanning."
celery,selleri,celery,Apium graveolens,grønnsak,stilkgrønnsak,16,22,8,26,65,80,55,90,14,18,8,22,65,80,55,90,6.0,7.0,5.8,7.5,15000,30000,8000,35000,14,20,"Fuktig jord nesten hele tiden, ikke la tørke helt ut.",Stilkvekst som krever jevn høy jordfukt og moderat temperatur.,Basert på selleri og lignende stilkvekster; praktisk intervall.,"Stilker blir trådlige, hule og bitre, bladene slappe.","Stilkbase råtner, sterk lukt og veldig våt jord.","Øk vanningsfrekvensen og sørg for dyp fukt, spesielt i varme perioder.","Reduser vanning, forbedre drenering og klipp bort råtne deler.","Høy og jevn fukt, unngå både uttørking og vannmettet jord."
leek,purre,leek,Allium ampeloprasum,grønnsak,løkvekst,14,22,4,26,60,75,50,85,8,18,4,22,50,70,40,80,6.0,7.0,5.5,7.8,15000,30000,8000,35000,6,18,"Moderat fukt, la jorden tørke lett mellom vanning.",Kjølig til mild løkvekst som liker veldrenert jord og moderat fukt.,Basert på løk/purre/hvitløk-tabeller; praktisk intervall for allium.,Tynne eller tørre blad og liten løk-/skaftdannelse.,"Myk rothals, råte og sterk lukt fra løk i våt jord.","Vann dypere men ikke for ofte, unngå kun overflatevanning.","Stopp vanning, forbedre drenering og lufting rundt plantene.","Moderat fukt, tydelig tørk mellom vanning, spesielt mot innhøsting."
onion,løk,onion,Allium cepa,grønnsak,løkvekst,14,22,4,26,60,75,50,85,8,18,4,22,50,70,40,80,6.0,7.0,5.5,7.8,15000,30000,8000,35000,6,18,"Moderat fukt, la jorden tørke lett mellom vanning.",Kjølig til mild løkvekst som liker veldrenert jord og moderat fukt.,Basert på løk/purre/hvitløk-tabeller; praktisk intervall for allium.,Tynne eller tørre blad og liten løk-/skaftdannelse.,"Myk rothals, råte og sterk lukt fra løk i våt jord.","Vann dypere men ikke for ofte, unngå kun overflatevanning.","Stopp vanning, forbedre drenering og lufting rundt plantene.","Moderat fukt, tydelig tørk mellom vanning, spesielt mot innhøsting."
garlic,hvitløk,garlic,Allium sativum,grønnsak,løkvekst,14,22,4,26,60,75,50,85,8,18,4,22,50,70,40,80,6.0,7.0,5.5,7.8,15000,30000,8000,35000,6,18,"Moderat fukt, la jorden tørke lett mellom vanning.",Kjølig til mild løkvekst som liker veldrenert jord og moderat fukt.,Basert på løk/purre/hvitløk-tabeller; praktisk intervall for allium.,Tynne eller tørre blad og liten løk-/skaftdannelse.,"Myk rothals, råte og sterk lukt fra løk i våt jord.","Vann dypere men ikke for ofte, unngå kun overflatevanning.","Stopp vanning, forbedre drenering og lufting rundt plantene.","Moderat fukt, tydelig tørk mellom vanning, spesielt mot innhøsting."
potato,potet,potato,Solanum tuberosum,grønnsak,knollvekst,12,20,6,24,60,75,50,90,8,18,4,22,50,70,40,80,6.0,7.0,5.5,7.5,12000,30000,8000,35000,8,18,"Moderat jevn fukt, ikke vannmettet jord.","Kjølig til middels varm rotvekst som liker dyp, løs jord og jevn fukt.",Basert på gulrot/reddik/rotvekst-tabeller; praktisk intervall for rotgrønnsaker.,"Små, trevlete røtter og slappe blad; jord tørr dypere ned.","Råte på røtter, vond lukt og kompakt, våt jord.",Vann dypere og sjeldnere slik at hele rotsonen fuktes.,"Reduser vanning, løsne jorda og forbedre drenering.","Moderat jevn fukt, la overflaten tørke lett mellom vanning."
calendula,ringblomst,pot marigold,Calendula officinalis,blomst,ettårig blomst,18,24,10,28,50,70,40,80,16,20,10,24,45,70,35,80,6.0,7.5,5.5,7.8,20000,45000,15000,55000,16,22,"Moderat vanning, unngå både uttørking og klissvåt jord.","Sommerblomst for drivhus og potter, liker sol, moderat temperatur og god lufting.",Basert på sommerblomst-guider for potter og drivhus; praktisk intervall.,"Blomster og blader henger, jorda lett og tørr, knopper tørker inn.","Gulning, rotråte ved basis, mugglukt og våt jord.","Vann når topplaget er tørt og planten begynner å henge, gjennomvann potta.","La potten tørke lett opp, sjekk drenering og tøm skåler.","Moderat fukt, la øverste jordlag tørke mellom vanning."
tagetes,tagetes,marigold,Tagetes spp.,blomst,ettårig blomst,18,24,10,28,50,70,40,80,16,20,10,24,45,70,35,80,6.0,7.5,5.5,7.8,20000,45000,15000,55000,16,22,"Moderat vanning, unngå både uttørking og klissvåt jord.","Sommerblomst for drivhus og potter, liker sol, moderat temperatur og god lufting.",Basert på sommerblomst-guider for potter og drivhus; praktisk intervall.,"Blomster og blader henger, jorda lett og tørr, knopper tørker inn.","Gulning, rotråte ved basis, mugglukt og våt jord.","Vann når topplaget er tørt og planten begynner å henge, gjennomvann potta.","La potten tørke lett opp, sjekk drenering og tøm skåler.","Moderat fukt, la øverste jordlag tørke mellom vanning."
lavender,lavendel,lavender,Lavandula angustifolia,blomst,middelhavsurt,18,26,10,30,40,60,30,70,16,22,10,26,30,50,20,60,6.5,7.5,6.0,8.0,20000,50000,12000,60000,16,22,"Sparsom vanning, la jorden tørke godt opp mellom hver gang.","Middelhavsurt som liker varm, solrik og tørr plassering med veldrenert jord.",Basert på guider for timian/rosmarin/lavendel; praktisk intervall for tørre urter.,"Blader og skudd blir grågrønne og tørre, liten nyvekst.","Gule, slappe skudd, råte ved rothals og våt, kompakt jord.","Vann godt, men sjelden, når jorden er tørr flere cm ned.","Stopp vanning, øk drenering og lufting, eventuelt ompotting.",Tørr til lett fuktig jord med tydelig tørkeperiode mellom vanning.
pak_choi,pak choi,pak choi,Brassica rapa subsp. chinensis,grønnsak,kålvekst bladgrønt,14,20,6,24,60,75,50,90,8,16,4,20,55,75,45,85,6.0,7.0,5.5,7.5,12000,30000,8000,35000,8,18,"Jevnt lett fuktig jord, ikke la den tørke helt ut.",Kjølig til middels varm bladgrønnsak som liker jevn fukt og stabilt klima.,Basert på salat/spinat/kål-tabeller for kjølige bladgrønnsaker; praktisk intervall.,"Bladene blir slappe og kantene tørre, planten vokser sakte.","Gulning ved basis, bladsopp og løs rot i våt jord.","Vann oftere med moderate mengder, hold jorda jevnt fuktig.","Reduser vanning, forbedre drenering og luft rundt plantene.","Jevn lett fukt, la topplaget tørke svakt mellom vanning."
swiss_chard,mangold,swiss chard,Beta vulgaris subsp. vulgaris,grønnsak,bladgrønt,14,20,6,24,60,75,50,90,8,16,4,20,55,75,45,85,6.0,7.0,5.5,7.5,12000,30000,8000,35000,8,18,"Jevnt lett fuktig jord, ikke la den tørke helt ut.",Kjølig til middels varm bladgrønnsak som liker jevn fukt og stabilt klima.,Basert på salat/spinat/kål-tabeller for kjølige bladgrønnsaker; praktisk intervall.,"Bladene blir slappe og kantene tørre, planten vokser sakte.","Gulning ved basis, bladsopp og løs rot i våt jord.","Vann oftere med moderate mengder, hold jorda jevnt fuktig.","Reduser vanning, forbedre drenering og luft rundt plantene.","Jevn lett fukt, la topplaget tørke svakt mellom vanning."
endive,endive,endive,Cichorium endivia,grønnsak,bladgrønt,14,20,6,24,60,75,50,90,8,16,4,20,55,75,45,85,6.0,7.0,5.5,7.5,12000,30000,8000,35000,8,18,"Jevnt lett fuktig jord, ikke la den tørke helt ut.",Kjølig til middels varm bladgrønnsak som liker jevn fukt og stabilt klima.,Basert på salat/spinat/kål-tabeller for kjølige bladgrønnsaker; praktisk intervall.,"Bladene blir slappe og kantene tørre, planten vokser sakte.","Gulning ved basis, bladsopp og løs rot i våt jord.","Vann oftere med moderate mengder, hold jorda jevnt fuktig.","Reduser vanning, forbedre drenering og luft rundt plantene.","Jevn lett fukt, la topplaget tørke svakt mellom vanning."
romaine_lettuce,romanosalat,romaine lettuce,Lactuca sativa var. longifolia,grønnsak,bladgrønt,14,20,6,24,60,75,50,90,8,16,4,20,55,75,45,85,6.0,7.0,5.5,7.5,12000,30000,8000,35000,8,18,"Jevnt lett fuktig jord, ikke la den tørke helt ut.",Kjølig til middels varm bladgrønnsak som liker jevn fukt og stabilt klima.,Basert på salat/spinat/kål-tabeller for kjølige bladgrønnsaker; praktisk intervall.,"Bladene blir slappe og kantene tørre, planten vokser sakte.","Gulning ved basis, bladsopp og løs rot i våt jord.","Vann oftere med moderate mengder, hold jorda jevnt fuktig.","Reduser vanning, forbedre drenering og luft rundt plantene.","Jevn lett fukt, la topplaget tørke svakt mellom vanning."
lambs_lettuce,feltsalat,lamb's lettuce,Valerianella locusta,grønnsak,bladgrønt,14,20,6,24,60,75,50,90,8,16,4,20,55,75,45,85,6.0,7.0,5.5,7.5,12000,30000,8000,35000,8,18,"Jevnt lett fuktig jord, ikke la den tørke helt ut.",Kjølig til middels varm bladgrønnsak som liker jevn fukt og stabilt klima.,Basert på salat/spinat/kål-tabeller for kjølige bladgrønnsaker; praktisk intervall.,"Bladene blir slappe og kantene tørre, planten vokser sakte.","Gulning ved basis, bladsopp og løs rot i våt jord.","Vann oftere med moderate mengder, hold jorda jevnt fuktig.","Reduser vanning, forbedre drenering og luft rundt plantene.","Jevn lett fukt, la topplaget tørke svakt mellom vanning."
radicchio,radicchio,radicchio,Cichorium intybus,grønnsak,bladgrønt,14,20,6,24,60,75,50,90,8,16,4,20,55,75,45,85,6.0,7.0,5.5,7.5,12000,30000,8000,35000,8,18,"Jevnt lett fuktig jord, ikke la den tørke helt ut.",Kjølig til middels varm bladgrønnsak som liker jevn fukt og stabilt klima.,Basert på salat/spinat/kål-tabeller for kjølige bladgrønnsaker; praktisk intervall.,"Bladene blir slappe og kantene tørre, planten vokser sakte.","Gulning ved basis, bladsopp og løs rot i våt jord.","Vann oftere med moderate mengder, hold jorda jevnt fuktig.","Reduser vanning, forbedre drenering og luft rundt plantene.","Jevn lett fukt, la topplaget tørke svakt mellom vanning."
mustard_greens,sennepsblader,mustard greens,Brassica juncea,grønnsak,bladgrønt,14,20,6,24,60,75,50,90,8,16,4,20,55,75,45,85,6.0,7.0,5.5,7.5,12000,30000,8000,35000,8,18,"Jevnt lett fuktig jord, ikke la den tørke helt ut.",Kjølig til middels varm bladgrønnsak som liker jevn fukt og stabilt klima.,Basert på salat/spinat/kål-tabeller for kjølige bladgrønnsaker; praktisk intervall.,"Bladene blir slappe og kantene tørre, planten vokser sakte.","Gulning ved basis, bladsopp og løs rot i våt jord.","Vann oftere med moderate mengder, hold jorda jevnt fuktig.","Reduser vanning, forbedre drenering og luft rundt plantene.","Jevn lett fukt, la topplaget tørke svakt mellom vanning."
mizuna,mizuna,mizuna,Brassica rapa var. nipposinica,grønnsak,bladgrønt,14,20,6,24,60,75,50,90,8,16,4,20,55,75,45,85,6.0,7.0,5.5,7.5,12000,30000,8000,35000,8,18,"Jevnt lett fuktig jord, ikke la den tørke helt ut.",Kjølig til middels varm bladgrønnsak som liker jevn fukt og stabilt klima.,Basert på salat/spinat/kål-tabeller for kjølige bladgrønnsaker; praktisk intervall.,"Bladene blir slappe og kantene tørre, planten vokser sakte.","Gulning ved basis, bladsopp og løs rot i våt jord.","Vann oftere med moderate mengder, hold jorda jevnt fuktig.","Reduser vanning, forbedre drenering og luft rundt plantene.","Jevn lett fukt, la topplaget tørke svakt mellom vanning."
chinese_cabbage,kinakål,Chinese cabbage,Brassica rapa subsp. pekinensis,grønnsak,kålvekst bladgrønt,14,20,6,24,60,75,50,90,8,16,4,20,55,75,45,85,6.0,7.0,5.5,7.5,12000,30000,8000,35000,8,18,"Jevnt lett fuktig jord, ikke la den tørke helt ut.",Kjølig til middels varm bladgrønnsak som liker jevn fukt og stabilt klima.,Basert på salat/spinat/kål-tabeller for kjølige bladgrønnsaker; praktisk intervall.,"Bladene blir slappe og kantene tørre, planten vokser sakte.","Gulning ved basis, bladsopp og løs rot i våt jord.","Vann oftere med moderate mengder, hold jorda jevnt fuktig.","Reduser vanning, forbedre drenering og luft rundt plantene.","Jevn lett fukt, la topplaget tørke svakt mellom vanning."
purslane,portulakk,purslane,Portulaca oleracea,grønnsak,bladgrønt,14,20,6,24,60,75,50,90,8,16,4,20,55,75,45,85,6.0,7.0,5.5,7.5,12000,30000,8000,35000,8,18,"Jevnt lett fuktig jord, ikke la den tørke helt ut.",Kjølig til middels varm bladgrønnsak som liker jevn fukt og stabilt klima.,Basert på salat/spinat/kål-tabeller for kjølige bladgrønnsaker; praktisk intervall.,"Bladene blir slappe og kantene tørre, planten vokser sakte.","Gulning ved basis, bladsopp og løs rot i våt jord.","Vann oftere med moderate mengder, hold jorda jevnt fuktig.","Reduser vanning, forbedre drenering og luft rundt plantene.","Jevn lett fukt, la topplaget tørke svakt mellom vanning."
watercress,brønnkarse,watercress,Nasturtium officinale,grønnsak,bladgrønt,16,22,10,26,55,75,45,85,14,20,8,24,50,75,40,85,6.0,7.0,5.5,7.5,12000,30000,8000,35000,14,22,"Jevnt lett fuktig jord, ikke la potten tørke helt ut.","Urt som liker moderat varme, god lysmengde og jevnt fuktig jord.",Basert på urteguider for basilikum/persille/mynte; praktisk intervall.,"Blader henger og blir matte, stilker blir slappe, jord tørr.","Gulning og bladfall nedenfra, mørk rothals og mugglukt.","Vann når topplaget er tørt og planten mister spenst, gjennomvann potten.","La jorda tørke lett opp, forbedre drenering og klipp bort råtne deler.","Jevn fukt, men la øverste lag tørke lett mellom vanning."
beetroot,rødbete,beetroot,Beta vulgaris,grønnsak,rotgrønnsak,12,20,6,24,60,75,50,90,8,18,4,22,50,70,40,80,6.0,7.0,5.5,7.5,12000,30000,8000,35000,8,18,"Moderat jevn fukt, ikke vannmettet jord.","Kjølig til middels varm rotvekst som liker dyp, løs jord og jevn fukt.",Basert på gulrot/reddik/rotvekst-tabeller; praktisk intervall for rotgrønnsaker.,"Små, trevlete røtter og slappe blad; jord tørr dypere ned.","Råte på røtter, vond lukt og kompakt, våt jord.",Vann dypere og sjeldnere slik at hele rotsonen fuktes.,"Reduser vanning, løsne jorda og forbedre drenering.","Moderat jevn fukt, la overflaten tørke lett mellom vanning."
turnip,nepe,turnip,Brassica rapa subsp. rapa,grønnsak,rotgrønnsak,12,20,6,24,60,75,50,90,8,18,4,22,50,70,40,80,6.0,7.0,5.5,7.5,12000,30000,8000,35000,8,18,"Moderat jevn fukt, ikke vannmettet jord.","Kjølig til middels varm rotvekst som liker dyp, løs jord og jevn fukt.",Basert på gulrot/reddik/rotvekst-tabeller; praktisk intervall for rotgrønnsaker.,"Små, trevlete røtter og slappe blad; jord tørr dypere ned.","Råte på røtter, vond lukt og kompakt, våt jord.",Vann dypere og sjeldnere slik at hele rotsonen fuktes.,"Reduser vanning, løsne jorda og forbedre drenering.","Moderat jevn fukt, la overflaten tørke lett mellom vanning."
parsnip,pastinakk,parsnip,Pastinaca sativa,grønnsak,rotgrønnsak,12,20,6,24,60,75,50,90,8,18,4,22,50,70,40,80,6.0,7.0,5.5,7.5,12000,30000,8000,35000,8,18,"Moderat jevn fukt, ikke vannmettet jord.","Kjølig til middels varm rotvekst som liker dyp, løs jord og jevn fukt.",Basert på gulrot/reddik/rotvekst-tabeller; praktisk intervall for rotgrønnsaker.,"Små, trevlete røtter og slappe blad; jord tørr dypere ned.","Råte på røtter, vond lukt og kompakt, våt jord.",Vann dypere og sjeldnere slik at hele rotsonen fuktes.,"Reduser vanning, løsne jorda og forbedre drenering.","Moderat jevn fukt, la overflaten tørke lett mellom vanning."
kohlrabi,kålrabi,kohlrabi,Brassica oleracea Gongylodes Group,grønnsak,rotgrønnsak,12,20,6,24,60,75,50,90,8,18,4,22,50,70,40,80,6.0,7.0,5.5,7.5,12000,30000,8000,35000,8,18,"Moderat jevn fukt, ikke vannmettet jord.","Kjølig til middels varm rotvekst som liker dyp, løs jord og jevn fukt.",Basert på gulrot/reddik/rotvekst-tabeller; praktisk intervall for rotgrønnsaker.,"Små, trevlete røtter og slappe blad; jord tørr dypere ned.","Råte på røtter, vond lukt og kompakt, våt jord.",Vann dypere og sjeldnere slik at hele rotsonen fuktes.,"Reduser vanning, løsne jorda og forbedre drenering.","Moderat jevn fukt, la overflaten tørke lett mellom vanning."
fennel_bulb,knollfennikel,fennel bulb,Foeniculum vulgare var. azoricum,grønnsak,stilk/knoll,12,20,6,24,60,75,50,90,8,18,4,22,50,70,40,80,6.0,7.0,5.5,7.5,12000,30000,8000,35000,8,18,"Moderat jevn fukt, ikke vannmettet jord.","Kjølig til middels varm rotvekst som liker dyp, løs jord og jevn fukt.",Basert på gulrot/reddik/rotvekst-tabeller; praktisk intervall for rotgrønnsaker.,"Små, trevlete røtter og slappe blad; jord tørr dypere ned.","Råte på røtter, vond lukt og kompakt, våt jord.",Vann dypere og sjeldnere slik at hele rotsonen fuktes.,"Reduser vanning, løsne jorda og forbedre drenering.","Moderat jevn fukt, la overflaten tørke lett mellom vanning."
pea_garden,hageert,garden pea,Pisum sativum,grønnsak,belgvekst,14,22,6,26,60,75,50,85,10,18,5,22,55,75,45,85,6.0,7.5,5.8,7.8,15000,30000,8000,35000,8,20,"Moderat jevn fukt, spesielt i blomstring og belging.",Belgvekst som trives i kjølig til moderat temperatur og jevnt fuktig jord.,Basert på erter/bønner-tabeller; praktisk intervall for belgvekster.,"Blomster og belger tørker inn og faller av, bladene henger.","Gulning, rotråte og svært våt, kompakt jord.","Vann jevnt i rotsonen, øk frekvensen i varme perioder.","Reduser vanning, løsne jord og forbedre drenering.","Moderat jevn fukt, la topplaget tørke lett mellom vanning."
broad_bean,bondebønne,broad bean,Vicia faba,grønnsak,belgvekst,14,22,6,26,60,75,50,85,10,18,5,22,55,75,45,85,6.0,7.5,5.8,7.8,15000,30000,8000,35000,8,20,"Moderat jevn fukt, spesielt i blomstring og belging.",Belgvekst som trives i kjølig til moderat temperatur og jevnt fuktig jord.,Basert på erter/bønner-tabeller; praktisk intervall for belgvekster.,"Blomster og belger tørker inn og faller av, bladene henger.","Gulning, rotråte og svært våt, kompakt jord.","Vann jevnt i rotsonen, øk frekvensen i varme perioder.","Reduser vanning, løsne jord og forbedre drenering.","Moderat jevn fukt, la topplaget tørke lett mellom vanning."
sweet_pea,erteblomst,sweet pea,Lathyrus odoratus,blomst,klatreblomst,18,24,10,28,50,70,40,80,16,20,10,24,45,70,35,80,6.0,7.5,5.5,7.8,20000,45000,15000,55000,16,22,"Moderat vanning, unngå både uttørking og klissvåt jord.","Sommerblomst for drivhus og potter, liker sol, moderat temperatur og god lufting.",Basert på sommerblomst-guider for potter og drivhus; praktisk intervall.,"Blomster og blader henger, jorda lett og tørr, knopper tørker inn.","Gulning, rotråte ved basis, mugglukt og våt jord.","Vann når topplaget er tørt og planten begynner å henge, gjennomvann potta.","La potten tørke lett opp, sjekk drenering og tøm skåler.","Moderat fukt, la øverste jordlag tørke mellom vanning."
zucchini,zucchini,zucchini,Cucurbita pepo,grønnsak,varmeelskende fruktgrønnsak,21,26,18,32,60,75,50,85,18,22,15,26,60,80,50,90,5.8,6.8,5.5,7.5,25000,60000,15000,70000,20,28,"Jevnt fuktig jord, ikke la tørke helt ut.",Varm og lyselskende drivhusplante som ikke tåler kulde eller langvarig hete.,Basert på drivhustabeller for tomat/agurk/paprika og grønnsaksguider; praktisk intervall for varm fruktgrønnsak.,"Blader og blomster henger, veksten stopper opp, frukter blir små eller faller av.","Gule blader, myke stengler, råte ved rothals, jord lukter surt og er konstant våt.","Vann grundig til hele rotsonen er gjennomvåt, gjenta først når topplaget har tørket lett.","Stopp vanning, luft jorda, forbedre drenering og fjern vann som blir stående.","Jevn fukt, dyp vanning med pauser så jorda får tørke lett mellom hver gang."
pumpkin,gresskar,pumpkin,Cucurbita maxima,grønnsak,varmeelskende fruktgrønnsak,21,26,18,32,60,75,50,85,18,22,15,26,60,80,50,90,5.8,6.8,5.5,7.5,25000,60000,15000,70000,20,28,"Jevnt fuktig jord, ikke la tørke helt ut.",Varm og lyselskende drivhusplante som ikke tåler kulde eller langvarig hete.,Basert på drivhustabeller for tomat/agurk/paprika og grønnsaksguider; praktisk intervall for varm fruktgrønnsak.,"Blader og blomster henger, veksten stopper opp, frukter blir små eller faller av.","Gule blader, myke stengler, råte ved rothals, jord lukter surt og er konstant våt.","Vann grundig til hele rotsonen er gjennomvåt, gjenta først når topplaget har tørket lett.","Stopp vanning, luft jorda, forbedre drenering og fjern vann som blir stående.","Jevn fukt, dyp vanning med pauser så jorda får tørke lett mellom hver gang."
okra,okra,okra,Abelmoschus esculentus,grønnsak,varmeelskende fruktgrønnsak,21,26,18,32,60,75,50,85,18,22,15,26,60,80,50,90,5.8,6.8,5.5,7.5,25000,60000,15000,70000,20,28,"Jevnt fuktig jord, ikke la tørke helt ut.",Varm og lyselskende drivhusplante som ikke tåler kulde eller langvarig hete.,Basert på drivhustabeller for tomat/agurk/paprika og grønnsaksguider; praktisk intervall for varm fruktgrønnsak.,"Blader og blomster henger, veksten stopper opp, frukter blir små eller faller av.","Gule blader, myke stengler, råte ved rothals, jord lukter surt og er konstant våt.","Vann grundig til hele rotsonen er gjennomvåt, gjenta først når topplaget har tørket lett.","Stopp vanning, luft jorda, forbedre drenering og fjern vann som blir stående.","Jevn fukt, dyp vanning med pauser så jorda får tørke lett mellom hver gang."
sweetcorn,sukkermais,sweetcorn,Zea mays,grønnsak,varmeelskende korn,21,26,18,32,60,75,50,85,18,22,15,26,60,80,50,90,5.8,6.8,5.5,7.5,25000,60000,15000,70000,20,28,"Jevnt fuktig jord, ikke la tørke helt ut.",Varm og lyselskende drivhusplante som ikke tåler kulde eller langvarig hete.,Basert på drivhustabeller for tomat/agurk/paprika og grønnsaksguider; praktisk intervall for varm fruktgrønnsak.,"Blader og blomster henger, veksten stopper opp, frukter blir små eller faller av.","Gule blader, myke stengler, råte ved rothals, jord lukter surt og er konstant våt.","Vann grundig til hele rotsonen er gjennomvåt, gjenta først når topplaget har tørket lett.","Stopp vanning, luft jorda, forbedre drenering og fjern vann som blir stående.","Jevn fukt, dyp vanning med pauser så jorda får tørke lett mellom hver gang."
tarragon,estragon,tarragon,Artemisia dracunculus,urt,bladurt,16,22,10,26,55,75,45,85,14,20,8,24,50,75,40,85,6.0,7.0,5.5,7.5,12000,30000,8000,35000,14,22,"Jevnt lett fuktig jord, ikke la potten tørke helt ut.","Urt som liker moderat varme, god lysmengde og jevnt fuktig jord.",Basert på urteguider for basilikum/persille/mynte; praktisk intervall.,"Blader henger og blir matte, stilker blir slappe, jord tørr.","Gulning og bladfall nedenfra, mørk rothals og mugglukt.","Vann når topplaget er tørt og planten mister spenst, gjennomvann potten.","La jorda tørke lett opp, forbedre drenering og klipp bort råtne deler.","Jevn fukt, men la øverste lag tørke lett mellom vanning."
chervil,kjørvel,chervil,Anthriscus cerefolium,urt,bladurt,16,22,10,26,55,75,45,85,14,20,8,24,50,75,40,85,6.0,7.0,5.5,7.5,12000,30000,8000,35000,14,22,"Jevnt lett fuktig jord, ikke la potten tørke helt ut.","Urt som liker moderat varme, god lysmengde og jevnt fuktig jord.",Basert på urteguider for basilikum/persille/mynte; praktisk intervall.,"Blader henger og blir matte, stilker blir slappe, jord tørr.","Gulning og bladfall nedenfra, mørk rothals og mugglukt.","Vann når topplaget er tørt og planten mister spenst, gjennomvann potten.","La jorda tørke lett opp, forbedre drenering og klipp bort råtne deler.","Jevn fukt, men la øverste lag tørke lett mellom vanning."
lovage,løpstikke,lovage,Levisticum officinale,urt,flerårig urt,16,22,10,26,55,75,45,85,14,20,8,24,50,75,40,85,6.0,7.0,5.5,7.5,12000,30000,8000,35000,14,22,"Jevnt lett fuktig jord, ikke la potten tørke helt ut.","Urt som liker moderat varme, god lysmengde og jevnt fuktig jord.",Basert på urteguider for basilikum/persille/mynte; praktisk intervall.,"Blader henger og blir matte, stilker blir slappe, jord tørr.","Gulning og bladfall nedenfra, mørk rothals og mugglukt.","Vann når topplaget er tørt og planten mister spenst, gjennomvann potten.","La jorda tørke lett opp, forbedre drenering og klipp bort råtne deler.","Jevn fukt, men la øverste lag tørke lett mellom vanning."
lemon_balm,sitronmelisse,lemon balm,Melissa officinalis,urt,flerårig urt,16,22,10,26,55,75,45,85,14,20,8,24,50,75,40,85,6.0,7.0,5.5,7.5,12000,30000,8000,35000,14,22,"Jevnt lett fuktig jord, ikke la potten tørke helt ut.","Urt som liker moderat varme, god lysmengde og jevnt fuktig jord.",Basert på urteguider for basilikum/persille/mynte; praktisk intervall.,"Blader henger og blir matte, stilker blir slappe, jord tørr.","Gulning og bladfall nedenfra, mørk rothals og mugglukt.","Vann når topplaget er tørt og planten mister spenst, gjennomvann potten.","La jorda tørke lett opp, forbedre drenering og klipp bort råtne deler.","Jevn fukt, men la øverste lag tørke lett mellom vanning."
chamomile,kamille,chamomile,Matricaria chamomilla,urt,blomst/urt,16,22,10,26,55,75,45,85,14,20,8,24,50,75,40,85,6.0,7.0,5.5,7.5,12000,30000,8000,35000,14,22,"Jevnt lett fuktig jord, ikke la potten tørke helt ut.","Urt som liker moderat varme, god lysmengde og jevnt fuktig jord.",Basert på urteguider for basilikum/persille/mynte; praktisk intervall.,"Blader henger og blir matte, stilker blir slappe, jord tørr.","Gulning og bladfall nedenfra, mørk rothals og mugglukt.","Vann når topplaget er tørt og planten mister spenst, gjennomvann potten.","La jorda tørke lett opp, forbedre drenering og klipp bort råtne deler.","Jevn fukt, men la øverste lag tørke lett mellom vanning."
fennel_leaf,bladfennikel,leaf fennel,Foeniculum vulgare,urt,bladurt,16,22,10,26,55,75,45,85,14,20,8,24,50,75,40,85,6.0,7.0,5.5,7.5,12000,30000,8000,35000,14,22,"Jevnt lett fuktig jord, ikke la potten tørke helt ut.","Urt som liker moderat varme, god lysmengde og jevnt fuktig jord.",Basert på urteguider for basilikum/persille/mynte; praktisk intervall.,"Blader henger og blir matte, stilker blir slappe, jord tørr.","Gulning og bladfall nedenfra, mørk rothals og mugglukt.","Vann når topplaget er tørt og planten mister spenst, gjennomvann potten.","La jorda tørke lett opp, forbedre drenering og klipp bort råtne deler.","Jevn fukt, men la øverste lag tørke lett mellom vanning."
sage,salvie,sage,Salvia officinalis,urt,middelhavsurt,18,26,10,30,40,60,30,70,16,22,10,26,30,50,20,60,6.5,7.5,6.0,8.0,20000,50000,12000,60000,16,22,"Sparsom vanning, la jorden tørke godt opp mellom hver gang.","Middelhavsurt som liker varm, solrik og tørr plassering med veldrenert jord.",Basert på guider for timian/rosmarin/lavendel; praktisk intervall for tørre urter.,"Blader og skudd blir grågrønne og tørre, liten nyvekst.","Gule, slappe skudd, råte ved rothals og våt, kompakt jord.","Vann godt, men sjelden, når jorden er tørr flere cm ned.","Stopp vanning, øk drenering og lufting, eventuelt ompotting.",Tørr til lett fuktig jord med tydelig tørkeperiode mellom vanning.
marjoram,merian,marjoram,Origanum majorana,urt,middelhavsurt,18,26,10,30,40,60,30,70,16,22,10,26,30,50,20,60,6.5,7.5,6.0,8.0,20000,50000,12000,60000,16,22,"Sparsom vanning, la jorden tørke godt opp mellom hver gang.","Middelhavsurt som liker varm, solrik og tørr plassering med veldrenert jord.",Basert på guider for timian/rosmarin/lavendel; praktisk intervall for tørre urter.,"Blader og skudd blir grågrønne og tørre, liten nyvekst.","Gule, slappe skudd, råte ved rothals og våt, kompakt jord.","Vann godt, men sjelden, når jorden er tørr flere cm ned.","Stopp vanning, øk drenering og lufting, eventuelt ompotting.",Tørr til lett fuktig jord med tydelig tørkeperiode mellom vanning.
bay,laurbær,bay laurel,Laurus nobilis,urt,middelhavsurt,18,26,10,30,40,60,30,70,16,22,10,26,30,50,20,60,6.5,7.5,6.0,8.0,20000,50000,12000,60000,16,22,"Sparsom vanning, la jorden tørke godt opp mellom hver gang.","Middelhavsurt som liker varm, solrik og tørr plassering med veldrenert jord.",Basert på guider for timian/rosmarin/lavendel; praktisk intervall for tørre urter.,"Blader og skudd blir grågrønne og tørre, liten nyvekst.","Gule, slappe skudd, råte ved rothals og våt, kompakt jord.","Vann godt, men sjelden, når jorden er tørr flere cm ned.","Stopp vanning, øk drenering og lufting, eventuelt ompotting.",Tørr til lett fuktig jord med tydelig tørkeperiode mellom vanning.
lemon_verbena,sitronverbena,lemon verbena,Aloysia citrodora,urt,middelhavsurt,18,26,10,30,40,60,30,70,16,22,10,26,30,50,20,60,6.5,7.5,6.0,8.0,20000,50000,12000,60000,16,22,"Sparsom vanning, la jorden tørke godt opp mellom hver gang.","Middelhavsurt som liker varm, solrik og tørr plassering med veldrenert jord.",Basert på guider for timian/rosmarin/lavendel; praktisk intervall for tørre urter.,"Blader og skudd blir grågrønne og tørre, liten nyvekst.","Gule, slappe skudd, råte ved rothals og våt, kompakt jord.","Vann godt, men sjelden, når jorden er tørr flere cm ned.","Stopp vanning, øk drenering og lufting, eventuelt ompotting.",Tørr til lett fuktig jord med tydelig tørkeperiode mellom vanning.
raspberry,bringebær,raspberry,Rubus idaeus,bær,bær busk,16,22,8,26,60,75,50,85,12,18,8,22,55,75,45,85,5.3,6.5,5.0,6.8,20000,45000,15000,50000,12,22,"Jevnt fuktig jord, ikke la potter tørke helt ut.","Bærvekst som liker kjølig til moderat varme, mye lys og jevn jordfukt.",Basert på jordbær og andre bær i kontrollerte miljø; praktisk intervall.,"Blad og bær blir små og tørre, planten henger i varme perioder.","Gråmugg og råte på bær og rothals, jord konstant våt.","Vann jevnt i små pulser, særlig under blomstring og bærutvikling.","Reduser vanning, forbedre drenering, øk lufting og fjern sykt materiale.","Jevn fukt, la topplaget tørke lett mellom vanning."
blueberry,blåbær,blueberry,Vaccinium corymbosum,bær,bær busk,16,22,8,26,60,75,50,85,12,18,8,22,55,75,45,85,5.3,6.5,5.0,6.8,20000,45000,15000,50000,12,22,"Jevnt fuktig jord, ikke la potter tørke helt ut.","Bærvekst som liker kjølig til moderat varme, mye lys og jevn jordfukt.",Basert på jordbær og andre bær i kontrollerte miljø; praktisk intervall.,"Blad og bær blir små og tørre, planten henger i varme perioder.","Gråmugg og råte på bær og rothals, jord konstant våt.","Vann jevnt i små pulser, særlig under blomstring og bærutvikling.","Reduser vanning, forbedre drenering, øk lufting og fjern sykt materiale.","Jevn fukt, la topplaget tørke lett mellom vanning."
blackberry,bjørnebær,blackberry,Rubus fruticosus,bær,bær busk,16,22,8,26,60,75,50,85,12,18,8,22,55,75,45,85,5.3,6.5,5.0,6.8,20000,45000,15000,50000,12,22,"Jevnt fuktig jord, ikke la potter tørke helt ut.","Bærvekst som liker kjølig til moderat varme, mye lys og jevn jordfukt.",Basert på jordbær og andre bær i kontrollerte miljø; praktisk intervall.,"Blad og bær blir små og tørre, planten henger i varme perioder.","Gråmugg og råte på bær og rothals, jord konstant våt.","Vann jevnt i små pulser, særlig under blomstring og bærutvikling.","Reduser vanning, forbedre drenering, øk lufting og fjern sykt materiale.","Jevn fukt, la topplaget tørke lett mellom vanning."
red_currant,rips,red currant,Ribes rubrum,bær,bær busk,16,22,8,26,60,75,50,85,12,18,8,22,55,75,45,85,5.3,6.5,5.0,6.8,20000,45000,15000,50000,12,22,"Jevnt fuktig jord, ikke la potter tørke helt ut.","Bærvekst som liker kjølig til moderat varme, mye lys og jevn jordfukt.",Basert på jordbær og andre bær i kontrollerte miljø; praktisk intervall.,"Blad og bær blir små og tørre, planten henger i varme perioder.","Gråmugg og råte på bær og rothals, jord konstant våt.","Vann jevnt i små pulser, særlig under blomstring og bærutvikling.","Reduser vanning, forbedre drenering, øk lufting og fjern sykt materiale.","Jevn fukt, la topplaget tørke lett mellom vanning."
black_currant,solbær,black currant,Ribes nigrum,bær,bær busk,16,22,8,26,60,75,50,85,12,18,8,22,55,75,45,85,5.3,6.5,5.0,6.8,20000,45000,15000,50000,12,22,"Jevnt fuktig jord, ikke la potter tørke helt ut.","Bærvekst som liker kjølig til moderat varme, mye lys og jevn jordfukt.",Basert på jordbær og andre bær i kontrollerte miljø; praktisk intervall.,"Blad og bær blir små og tørre, planten henger i varme perioder.","Gråmugg og råte på bær og rothals, jord konstant våt.","Vann jevnt i små pulser, særlig under blomstring og bærutvikling.","Reduser vanning, forbedre drenering, øk lufting og fjern sykt materiale.","Jevn fukt, la topplaget tørke lett mellom vanning."
gooseberry,stikkelsbær,gooseberry,Ribes uva-crispa,bær,bær busk,16,22,8,26,60,75,50,85,12,18,8,22,55,75,45,85,5.3,6.5,5.0,6.8,20000,45000,15000,50000,12,22,"Jevnt fuktig jord, ikke la potter tørke helt ut.","Bærvekst som liker kjølig til moderat varme, mye lys og jevn jordfukt.",Basert på jordbær og andre bær i kontrollerte miljø; praktisk intervall.,"Blad og bær blir små og tørre, planten henger i varme perioder.","Gråmugg og råte på bær og rothals, jord konstant våt.","Vann jevnt i små pulser, særlig under blomstring og bærutvikling.","Reduser vanning, forbedre drenering, øk lufting og fjern sykt materiale.","Jevn fukt, la topplaget tørke lett mellom vanning."
grape,drue,grape,Vitis vinifera,frukt,klatrende frukt,21,26,18,32,60,75,50,85,18,22,15,26,60,80,50,90,5.8,6.8,5.5,7.5,25000,60000,15000,70000,20,28,"Jevnt fuktig jord, ikke la tørke helt ut.",Varm og lyselskende drivhusplante som ikke tåler kulde eller langvarig hete.,Basert på drivhustabeller for tomat/agurk/paprika og grønnsaksguider; praktisk intervall for varm fruktgrønnsak.,"Blader og blomster henger, veksten stopper opp, frukter blir små eller faller av.","Gule blader, myke stengler, råte ved rothals, jord lukter surt og er konstant våt.","Vann grundig til hele rotsonen er gjennomvåt, gjenta først når topplaget har tørket lett.","Stopp vanning, luft jorda, forbedre drenering og fjern vann som blir stående.","Jevn fukt, dyp vanning med pauser så jorda får tørke lett mellom hver gang."
fig,fiken,fig,Ficus carica,frukt,middelhavsfrukt,21,26,18,32,60,75,50,85,18,22,15,26,60,80,50,90,5.8,6.8,5.5,7.5,25000,60000,15000,70000,20,28,"Jevnt fuktig jord, ikke la tørke helt ut.",Varm og lyselskende drivhusplante som ikke tåler kulde eller langvarig hete.,Basert på drivhustabeller for tomat/agurk/paprika og grønnsaksguider; praktisk intervall for varm fruktgrønnsak.,"Blader og blomster henger, veksten stopper opp, frukter blir små eller faller av.","Gule blader, myke stengler, råte ved rothals, jord lukter surt og er konstant våt.","Vann grundig til hele rotsonen er gjennomvåt, gjenta først når topplaget har tørket lett.","Stopp vanning, luft jorda, forbedre drenering og fjern vann som blir stående.","Jevn fukt, dyp vanning med pauser så jorda får tørke lett mellom hver gang."
geranium,pelargonium,geranium,Pelargonium zonale,blomst,potteblomst,18,24,10,28,50,70,40,80,16,20,10,24,45,70,35,80,6.0,7.5,5.5,7.8,20000,45000,15000,55000,16,22,"Moderat vanning, unngå både uttørking og klissvåt jord.","Sommerblomst for drivhus og potter, liker sol, moderat temperatur og god lufting.",Basert på sommerblomst-guider for potter og drivhus; praktisk intervall.,"Blomster og blader henger, jorda lett og tørr, knopper tørker inn.","Gulning, rotråte ved basis, mugglukt og våt jord.","Vann når topplaget er tørt og planten begynner å henge, gjennomvann potta.","La potten tørke lett opp, sjekk drenering og tøm skåler.","Moderat fukt, la øverste jordlag tørke mellom vanning."
petunia,petunia,petunia,Petunia x hybrida,blomst,ettårig blomst,18,24,10,28,50,70,40,80,16,20,10,24,45,70,35,80,6.0,7.5,5.5,7.8,20000,45000,15000,55000,16,22,"Moderat vanning, unngå både uttørking og klissvåt jord.","Sommerblomst for drivhus og potter, liker sol, moderat temperatur og god lufting.",Basert på sommerblomst-guider for potter og drivhus; praktisk intervall.,"Blomster og blader henger, jorda lett og tørr, knopper tørker inn.","Gulning, rotråte ved basis, mugglukt og våt jord.","Vann når topplaget er tørt og planten begynner å henge, gjennomvann potta.","La potten tørke lett opp, sjekk drenering og tøm skåler.","Moderat fukt, la øverste jordlag tørke mellom vanning."
fuchsia,fuchsia,fuchsia,Fuchsia hybrida,blomst,ampel/krukke,18,24,10,28,50,70,40,80,16,20,10,24,45,70,35,80,6.0,7.5,5.5,7.8,20000,45000,15000,55000,16,22,"Moderat vanning, unngå både uttørking og klissvåt jord.","Sommerblomst for drivhus og potter, liker sol, moderat temperatur og god lufting.",Basert på sommerblomst-guider for potter og drivhus; praktisk intervall.,"Blomster og blader henger, jorda lett og tørr, knopper tørker inn.","Gulning, rotråte ved basis, mugglukt og våt jord.","Vann når topplaget er tørt og planten begynner å henge, gjennomvann potta.","La potten tørke lett opp, sjekk drenering og tøm skåler.","Moderat fukt, la øverste jordlag tørke mellom vanning."
verbena,verbena,verbena,Verbena x hybrida,blomst,ampel/krukke,18,24,10,28,50,70,40,80,16,20,10,24,45,70,35,80,6.0,7.5,5.5,7.8,20000,45000,15000,55000,16,22,"Moderat vanning, unngå både uttørking og klissvåt jord.","Sommerblomst for drivhus og potter, liker sol, moderat temperatur og god lufting.",Basert på sommerblomst-guider for potter og drivhus; praktisk intervall.,"Blomster og blader henger, jorda lett og tørr, knopper tørker inn.","Gulning, rotråte ved basis, mugglukt og våt jord.","Vann når topplaget er tørt og planten begynner å henge, gjennomvann potta.","La potten tørke lett opp, sjekk drenering og tøm skåler.","Moderat fukt, la øverste jordlag tørke mellom vanning."
lobelia,lobelia,lobelia,Lobelia erinus,blomst,ampel/krukke,18,24,10,28,50,70,40,80,16,20,10,24,45,70,35,80,6.0,7.5,5.5,7.8,20000,45000,15000,55000,16,22,"Moderat vanning, unngå både uttørking og klissvåt jord.","Sommerblomst for drivhus og potter, liker sol, moderat temperatur og god lufting.",Basert på sommerblomst-guider for potter og drivhus; praktisk intervall.,"Blomster og blader henger, jorda lett og tørr, knopper tørker inn.","Gulning, rotråte ved basis, mugglukt og våt jord.","Vann når topplaget er tørt og planten begynner å henge, gjennomvann potta.","La potten tørke lett opp, sjekk drenering og tøm skåler.","Moderat fukt, la øverste jordlag tørke mellom vanning."
begonia,begonia,begonia,Begonia semperflorens,blomst,skyggetålende blomst,18,24,10,28,50,70,40,80,16,20,10,24,45,70,35,80,6.0,7.5,5.5,7.8,20000,45000,15000,55000,16,22,"Moderat vanning, unngå både uttørking og klissvåt jord.","Sommerblomst for drivhus og potter, liker sol, moderat temperatur og god lufting.",Basert på sommerblomst-guider for potter og drivhus; praktisk intervall.,"Blomster og blader henger, jorda lett og tørr, knopper tørker inn.","Gulning, rotråte ved basis, mugglukt og våt jord.","Vann når topplaget er tørt og planten begynner å henge, gjennomvann potta.","La potten tørke lett opp, sjekk drenering og tøm skåler.","Moderat fukt, la øverste jordlag tørke mellom vanning."
impatiens,flittig lise,impatiens,Impatiens walleriana,blomst,skyggetålende blomst,18,24,10,28,50,70,40,80,16,20,10,24,45,70,35,80,6.0,7.5,5.5,7.8,20000,45000,15000,55000,16,22,"Moderat vanning, unngå både uttørking og klissvåt jord.","Sommerblomst for drivhus og potter, liker sol, moderat temperatur og god lufting.",Basert på sommerblomst-guider for potter og drivhus; praktisk intervall.,"Blomster og blader henger, jorda lett og tørr, knopper tørker inn.","Gulning, rotråte ved basis, mugglukt og våt jord.","Vann når topplaget er tørt og planten begynner å henge, gjennomvann potta.","La potten tørke lett opp, sjekk drenering og tøm skåler.","Moderat fukt, la øverste jordlag tørke mellom vanning."
cosmos,kosmosblomst,cosmos,Cosmos bipinnatus,blomst,ettårig blomst,18,24,10,28,50,70,40,80,16,20,10,24,45,70,35,80,6.0,7.5,5.5,7.8,20000,45000,15000,55000,16,22,"Moderat vanning, unngå både uttørking og klissvåt jord.","Sommerblomst for drivhus og potter, liker sol, moderat temperatur og god lufting.",Basert på sommerblomst-guider for potter og drivhus; praktisk intervall.,"Blomster og blader henger, jorda lett og tørr, knopper tørker inn.","Gulning, rotråte ved basis, mugglukt og våt jord.","Vann når topplaget er tørt og planten begynner å henge, gjennomvann potta.","La potten tørke lett opp, sjekk drenering og tøm skåler.","Moderat fukt, la øverste jordlag tørke mellom vanning."
nasturtium,blomkarse,nasturtium,Tropaeolum majus,blomst,ettårig klatre/markdekker,18,24,10,28,50,70,40,80,16,20,10,24,45,70,35,80,6.0,7.5,5.5,7.8,20000,45000,15000,55000,16,22,"Moderat vanning, unngå både uttørking og klissvåt jord.","Sommerblomst for drivhus og potter, liker sol, moderat temperatur og god lufting.",Basert på sommerblomst-guider for potter og drivhus; praktisk intervall.,"Blomster og blader henger, jorda lett og tørr, knopper tørker inn.","Gulning, rotråte ved basis, mugglukt og våt jord.","Vann når topplaget er tørt og planten begynner å henge, gjennomvann potta.","La potten tørke lett opp, sjekk drenering og tøm skåler.","Moderat fukt, la øverste jordlag tørke mellom vanning."
borage,agurkurt,borage,Borago officinalis,blomst,ettårig urt/blomst,18,24,10,28,50,70,40,80,16,20,10,24,45,70,35,80,6.0,7.5,5.5,7.8,20000,45000,15000,55000,16,22,"Moderat vanning, unngå både uttørking og klissvåt jord.","Sommerblomst for drivhus og potter, liker sol, moderat temperatur og god lufting.",Basert på sommerblomst-guider for potter og drivhus; praktisk intervall.,"Blomster og blader henger, jorda lett og tørr, knopper tørker inn.","Gulning, rotråte ved basis, mugglukt og våt jord.","Vann når topplaget er tørt og planten begynner å henge, gjennomvann potta.","La potten tørke lett opp, sjekk drenering og tøm skåler.","Moderat fukt, la øverste jordlag tørke mellom vanning."
rhubarb,rabarbra,rhubarb,Rheum rhabarbarum,grønnsak,stilkvekst,16,22,8,26,65,80,55,90,14,18,8,22,65,80,55,90,6.0,7.0,5.8,7.5,15000,30000,8000,35000,14,20,"Fuktig jord nesten hele tiden, ikke la tørke helt ut.",Stilkvekst som krever jevn høy jordfukt og moderat temperatur.,Basert på selleri og lignende stilkvekster; praktisk intervall.,"Stilker blir trådlige, hule og bitre, bladene slappe.","Stilkbase råtner, sterk lukt og veldig våt jord.","Øk vanningsfrekvensen og sørg for dyp fukt, spesielt i varme perioder.","Reduser vanning, forbedre drenering og klipp bort råtne deler.","Høy og jevn fukt, unngå både uttørking og vannmettet jord."
strawberry_spinach,jordbærspinat,strawberry spinach,Blitum capitatum,grønnsak,bladgrønt med spiselige bær,14,22,6,26,55,75,45,85,10,18,5,22,55,75,45,85,6.0,7.2,5.8,7.8,15000,35000,8000,45000,10,20,"Jevnt lett fuktig jord, men ikke klissvåt.",Ettårig bladgrønt med dekorative røde bær. Trives i sol til halvskygge og kjølig til mildt klima.,"Basert på dyrkingsbeskrivelser for strawberry spinach/strawberry blite (Blitum capitatum, synonym Chenopodium capitatum) og praktiske intervaller for kjølig bladgrønt.","Bladene blir slappe, veksten stopper, og planten setter få eller små bær.","Gulning ved basis, svak vekst, råte i rotsonen og jord som holder seg våt lenge.","Vann jevnt og dypere, særlig i varme perioder og når planten blomstrer eller setter bær.","La jorda tørke lett opp, forbedre drenering og luft rundt planten.","Jevn lett fukt, la topplaget tørke svakt mellom vanning."
